{
  "lava": {
    "chance": [
      0.6,
      0.4
    ],
    "hp": [
      81,
      35
    ],
    "dmg": [
      8,
      3
    ],
    "def": [
      [
        4544,
        4544,
        4544
      ],
      [
        2370,
        2400,
        2130
      ]
    ],
    "speed": [
      2.4,
      3.6
    ],
    "atype": [
      1,
      1
    ],
    "alist": [
      6052,
      2220
    ]
  },
  "city": {
    "chance": [
      0.8,
      0.2
    ],
    "hp": [
      22,
      42
    ],
    "dmg": [
      3,
      4
    ],
    "def": [
      [
        1148,
        1246,
        1162
      ],
      [
        3425,
        3500,
        3350
      ]
    ],
    "speed": [
      2.4,
      3.0
    ],
    "atype": [
      2,
      1
    ],
    "alist": [
      1216,
      1850
    ]
  },
  "caves": {
    "chance": [
      0.55,
      0.45
    ],
    "hp": [
      10,
      5
    ],
    "dmg": [
      1,
      1
    ],
    "def": [
      [
        22,
        22,
        49
      ],
      [
        49,
        22,
        49
      ]
    ],
    "speed": [
      2.4,
      3.6
    ],
    "atype": [
      0,
      2
    ],
    "alist": [
      74,
      64
    ]
  },
  "farm": {
    "chance": [
      0.3,
      0.3,
      0.3,
      0.1
    ],
    "hp": [
      3,
      8,
      2,
      5
    ],
    "dmg": [
      0,
      1,
      0,
      1
    ],
    "def": [
      [
        22,
        22,
        22
      ],
      [
        43,
        43,
        43
      ],
      [
        0,
        0,
        0
      ],
      [
        49,
        49,
        49
      ]
    ],
    "speed": [
      2.4,
      2.4,
      2.4,
      3.6
    ],
    "atype": [
      0,
      2,
      2,
      2
    ],
    "alist": [
      64,
      64,
      64,
      64
    ]
  },
  "giants": {
    "chance": [
      0.3333333333333333,
      0.3333333333333333,
      0.3333333333333334
    ],
    "hp": [
      130,
      150,
      160
    ],
    "dmg": [
      10,
      14,
      14
    ],
    "def": [
      [
        7360,
        7360,
        1610
      ],
      [
        8640,
        8640,
        1890
      ],
      [
        8000,
        8000,
        1750
      ]
    ],
    "speed": [
      3,
      3.6,
      3
    ],
    "atype": [
      1,
      2,
      0
    ],
    "alist": [
      6853,
      11058,
      12198
    ]
  }
}
